{
    "ServiceName": "spendsenseai-backend",
    "SourceConfiguration": {
        "ImageRepository": {
            "ImageIdentifier": "<ECR_IMAGE_URI>:latest",
            "ImageConfiguration": {
                "Port": "8000",
                "RuntimeEnvironmentVariables": {
                    "SPENDSENSE_DB_PATH": "/app/data/spendsense.db",
                    "ENABLE_LLM": "true",
                    "USE_AWS_SECRETS": "true",
                    "AWS_REGION": "us-east-1"
                }
            },
            "ImageRepositoryType": "ECR"
        },
        "AutoDeploymentsEnabled": true
    },
    "InstanceConfiguration": {
        "Cpu": "1 vCPU",
        "Memory": "2 GB",
        "InstanceRoleArn": "arn:aws:iam::971422717446:role/sainathyai-application-role"
    },
    "HealthCheckConfiguration": {
        "Protocol": "HTTP",
        "Path": "/health",
        "Interval": 10,
        "Timeout": 5,
        "HealthyThreshold": 1,
        "UnhealthyThreshold": 5
    }
}
